Workbook
Name _RM100: [1]Actions!#REF!
Name ABOVE: INDIRECT(ADDRESS(ROW()-1, COLUMN()))
Name CritTable: #REF!
Name DetectionClass: #REF!
Name DocNum: '[1]Cover Sheet'!$B$5:$D$5
Name DocTag: CONCATENATE(LEFT(DocNum,(SEARCH("-",DocNum)-1)),RIGHT(DocNum, LEN(DocNum)-SEARCH("-",DocNum)))
Name Hazards_list: [1]!Hazards[DFMEA Hazard Text]
Name OccurrenceClass: #REF!
Name OccurrenceClass: #REF!
Name Probability: 'Risk Estimation Criteria'!$A$16:$A$20
Name RiskTable: 'Risk Estimation Criteria'!$S$7:$W$11
Name ScoredProbability: 'Risk Estimation Criteria'!$A$16:$B$20
Name ScoredSeverity: 'Risk Estimation Criteria'!$A$6:$B$10
Name SeverityClass: #REF!
Name SeverityClass: #REF!
Name testbox: "Drop Down 3"

Sheet Introduction
B2: Introduction
B3: The aim of this exercise is to undertake a basic system-level failure mode effects analysis (FMEA).
B5: This worksheet contains several tabs:
B6: Introduction | C6: This tab
B7: Hazardous Scenarios | C7: List of possible hazards with Severity and P2 scoring listed.
B8: Risk Estimation Criteria | C8: Summary of the different scoring levels and how they link together
B9: Risk Assessment | C9: The main tab to undertake the analysis
B10: HAZOP checklist | C10: A checklist of prompts to stimulate ideas about how things could fail
B12: Task 1
B13: Draw schematic representation of system/subsystem
B14: List the primary functions that the system/subsystem has to perform (consider interfaces to other systems/users in this)
B16: Task 2
B17: For one of the following functions:
B18: Motion and control
B19: Hold a tool
B20: Receive commands
B21: Mounting to a base
B22: Set up proceedure
B23: Reach stiffness and loading
B25: Complete columns A-D, G, H and N in the Risk Assessment worksheet. That means:
... B31: Consider at least 3 failure modes and propose mititgations for these

Sheet Risk Assessment
A1: ID | B1: Item / Function | C1: Potential Failure Mode | D1: Potential Cause(s)/Mechanism(s) of Failure | E1: Potential Effect(s) of Failure | F1: Current Control (Prevention) | G1: Hazardous Situation | H1: Occurrence (P1) | I1: Justification | J1: Severity | K1: Occurance (P2) | L1: Score | M1: Criticality | N1: Recommended Action / mitigation | O1: Notes
A2: Unique line item for ease of reference (don’t change once assigned!) | B2: What function does the system/sub-system need to perform | C2: How could it fail to function correctly? | D2: Why might the system/sub-system have failed in this way? | E2: What is the possible impact if it were to fail? | F2: What features/means are currently inplace to reduce the severity and/or probability of occurance? | G2: What Harm might result if this failed? | H2: How likely is this failure to occur? | I2: On what basis / evidence have you chosen this P1 value? | J2: Auto (Hazardous Situation) | K2: Auto (Hazardous Situation) | L2: Auto (P1xP2xS) | M2: Auto (P1xP2xS) | N2: What can you do to reduce the probability/severity of this situation?
A3: EXAMPLE-01 | B3: Move instrument in response to input | C3: No motion when commanded | D3: No power to motors, inadequate interaction of motor shaft to arms | E3: Complete surgery using alternative means | G3: HS-02 Long delay / conversion | H3: Occasional | J3: =VLOOKUP(G3,Hazardous_scenarios[],3) -> Negligible | K3: =VLOOKUP(G3,Hazardous_scenarios[],4) -> Probable | L3: =ROUNDUP((INDEX('Risk Estimation Criteria'!$J$6:$K$10,MATCH('Risk Assessment'!H3,'Risk Estimation Criteria'!$J$6:$J$10,0),2)*INDEX('Risk Estimation Criteria'!$J$6:$K$10,MATCH('Risk Assessment'!K3,'Risk Estimation Criteria'!$J$6:$J$10,0),2))/5,0)*INDEX(ScoredSeverity,MATCH('Risk Assessment'!J3,'Risk Estimation Criteria'!$A$6:$A$10,0),2) -> 3 | M3: =INDEX('Risk Estimation Criteria'!$C$26:$G$30,MATCH(INDEX('Risk Estimation Criteria'!$C$16:$G$20,MATCH('Risk Assessment'!K3,'Risk Estimation Criteria'!$C$15:$G$15,0),MATCH('Risk Assessment'!H3,'Risk Estimation Criteria'!$B$16:$B$20,0)),'Risk Estimation Criteria'!$B$26:$B$30,0),MATCH('Risk Assessment'!J3,'Risk Estimation Criteria'!$C$25:$G$25,0)) -> Low | N3: Check that motor wires and power adapter are connected and that the power supply is turned on.
A4: EXAMPLE-02 | C4: Delay before motion is carried out | D4: For some desired points, there can be a delay of <10 seconds before motion begins | G4: HS-01 Short delay | H4: Frequent | J4: Negligible | K4: Frequent | L4: 2 | M4: Low | N4: Check software for potential causes of a delay.
A5: EXAMPLE-02 | C5: Unintended / incorrect motion when commanded | D5: Failure of encoder | G5: HS-03 Small uncontrolled motion at tool tip | H5: Frequent | J5: =VLOOKUP(G5,Hazardous_scenarios[],3) -> Negligible | K5: =VLOOKUP(G5,Hazardous_scenarios[],4) -> Probable | L5: =ROUNDUP((INDEX('Risk Estimation Criteria'!$J$6:$K$10,MATCH('Risk Assessment'!H5,'Risk Estimation Criteria'!$J$6:$J$10,0),2)*INDEX('Risk Estimation Criteria'!$J$6:$K$10,MATCH('Risk Assessment'!K5,'Risk Estimation Criteria'!$J$6:$J$10,0),2))/5,0)*INDEX(ScoredSeverity,MATCH('Risk Assessment'!J5,'Risk Estimation Criteria'!$A$6:$A$10,0),2) -> 4 | M5: =INDEX('Risk Estimation Criteria'!$C$26:$G$30,MATCH(INDEX('Risk Estimation Criteria'!$C$16:$G$20,MATCH('Risk Assessment'!K5,'Risk Estimation Criteria'!$C$15:$G$15,0),MATCH('Risk Assessment'!H5,'Risk Estimation Criteria'!$B$16:$B$20,0)),'Risk Estimation Criteria'!$B$26:$B$30,0),MATCH('Risk Assessment'!J5,'Risk Estimation Criteria'!$C$25:$G$25,0)) -> Low | N5: Check that the encoders are accurate, and if not then replace the motor.
A6: EXAMPLE-03 | C6: Unintended motion when not commanded | D6: Software failure | G6: HS-04 Large uncontrolled motion at tool tip | H6: Occasional | J6: =VLOOKUP(G6,Hazardous_scenarios[],3) -> Negligible | K6: =VLOOKUP(G6,Hazardous_scenarios[],4) -> Probable | L6: =ROUNDUP((INDEX('Risk Estimation Criteria'!$J$6:$K$10,MATCH('Risk Assessment'!H6,'Risk Estimation Criteria'!$J$6:$J$10,0),2)*INDEX('Risk Estimation Criteria'!$J$6:$K$10,MATCH('Risk Assessment'!K6,'Risk Estimation Criteria'!$J$6:$J$10,0),2))/5,0)*INDEX(ScoredSeverity,MATCH('Risk Assessment'!J6,'Risk Estimation Criteria'!$A$6:$A$10,0),2) -> 3 | M6: =INDEX('Risk Estimation Criteria'!$C$26:$G$30,MATCH(INDEX('Risk Estimation Criteria'!$C$16:$G$20,MATCH('Risk Assessment'!K6,'Risk Estimation Criteria'!$C$15:$G$15,0),MATCH('Risk Assessment'!H6,'Risk Estimation Criteria'!$B$16:$B$20,0)),'Risk Estimation Criteria'!$B$26:$B$30,0),MATCH('Risk Assessment'!J6,'Risk Estimation Criteria'!$C$25:$G$25,0)) -> Low | N6: Likely an operation issue or a software issue.
A7: EXAMPLE - 04 | B7: Circuitry / Power supply to robot | C7: Excessive heating of electrical components | D7: Short circuit | G7: HS-12 Thermal injury to operator | H7: Occasional | J7: =VLOOKUP(G7,Hazardous_scenarios[],3) -> Minor | K7: =VLOOKUP(G7,Hazardous_scenarios[],4) -> Probable | L7: 6 | M7: Low | N7: Wrap the exposed metal at the ends of the wires in tape to prevent short circuits. Check for short circuits using multimeter. | O7: The exposed metal of connecting wires has been wrapped in tape.
A8: EXAMPLE - 05 | C8: Electrical shock | D8: Improper use of electrical equipment (e.g. introduction of water into circuit), broken electrical equipment | G8: HS-10 Operator exposed to electrical voltage / current | H8: Remote | J8: =VLOOKUP(G8,Hazardous_scenarios[],3) -> Critical | K8: =VLOOKUP(G8,Hazardous_scenarios[],4) -> Probable | L8: 8 | M8: Medium | N8: Keep liquids far away from robot. Turn the electrical power off while plugging in adapter. | O8: Food and drink is not allowed in the lab, reducing the chance of occurrence (P1).
A9: EXAMPLE-06 | B9: 3D printed components | C9: Injury to operator | D9: Splinters/sharp remnants of 3D printed support structure | G9: HS-16 Operator injury | H9: Occasional | J9: =VLOOKUP(G9,Hazardous_scenarios[],3) -> Minor | K9: =VLOOKUP(G9,Hazardous_scenarios[],4) -> Occasional | L9: =ROUNDUP((INDEX('Risk Estimation Criteria'!$J$6:$K$10,MATCH('Risk Assessment'!H9,'Risk Estimation Criteria'!$J$6:$J$10,0),2)*INDEX('Risk Estimation Criteria'!$J$6:$K$10,MATCH('Risk Assessment'!K9,'Risk Estimation Criteria'!$J$6:$J$10,0),2))/5,0)*INDEX(ScoredSeverity,MATCH('Risk Assessment'!J9,'Risk Estimation Criteria'!$A$6:$A$10,0),2) -> 4 | M9: =INDEX('Risk Estimation Criteria'!$C$26:$G$30,MATCH(INDEX('Risk Estimation Criteria'!$C$16:$G$20,MATCH('Risk Assessment'!K9,'Risk Estimation Criteria'!$C$15:$G$15,0),MATCH('Risk Assessment'!H9,'Risk Estimation Criteria'!$B$16:$B$20,0)),'Risk Estimation Criteria'!$B$26:$B$30,0),MATCH('Risk Assessment'!J9,'Risk Estimation Criteria'!$C$25:$G$25,0)) -> Low | N9: Remove support using tools before implementing to robot.
A10: EXAMPLE-07 | B10: Base | C10: Robot topples over | D10: Unstable base, forceful collision of tool with environment | G10: HS-17 Structural failure of robot | H10: Occasional | J10: =VLOOKUP(G10,Hazardous_scenarios[],3) -> Minor | K10: =VLOOKUP(G10,Hazardous_scenarios[],4) -> Probable | L10: =ROUNDUP((INDEX('Risk Estimation Criteria'!$J$6:$K$10,MATCH('Risk Assessment'!H10,'Risk Estimation Criteria'!$J$6:$J$10,0),2)*INDEX('Risk Estimation Criteria'!$J$6:$K$10,MATCH('Risk Assessment'!K10,'Risk Estimation Criteria'!$J$6:$J$10,0),2))/5,0)*INDEX(ScoredSeverity,MATCH('Risk Assessment'!J10,'Risk Estimation Criteria'!$A$6:$A$10,0),2) -> 6 | M10: =INDEX('Risk Estimation Criteria'!$C$26:$G$30,MATCH(INDEX('Risk Estimation Criteria'!$C$16:$G$20,MATCH('Risk Assessment'!K10,'Risk Estimation Criteria'!$C$15:$G$15,0),MATCH('Risk Assessment'!H10,'Risk Estimation Criteria'!$B$16:$B$20,0)),'Risk Estimation Criteria'!$B$26:$B$30,0),MATCH('Risk Assessment'!J10,'Risk Estimation Criteria'!$C$25:$G$25,0)) -> Low | N10: Consider the risk of interaction with environment before running the robot.
A11: EXAMPLE-08 | B11: Arm 1 | C11: Unintended tilt of tool tip | D11: Unstable integration of arm 1 to base and motor 1 shaft | G11: HS-18 Unintended orientation of tool tip | H11: Frequent | J11: =VLOOKUP(G11,Hazardous_scenarios[],3) -> Negligible | K11: =VLOOKUP(G11,Hazardous_scenarios[],4) -> Probable | L11: =ROUNDUP((INDEX('Risk Estimation Criteria'!$J$6:$K$10,MATCH('Risk Assessment'!H11,'Risk Estimation Criteria'!$J$6:$J$10,0),2)*INDEX('Risk Estimation Criteria'!$J$6:$K$10,MATCH('Risk Assessment'!K11,'Risk Estimation Criteria'!$J$6:$J$10,0),2))/5,0)*INDEX(ScoredSeverity,MATCH('Risk Assessment'!J11,'Risk Estimation Criteria'!$A$6:$A$10,0),2) -> 4 | M11: =INDEX('Risk Estimation Criteria'!$C$26:$G$30,MATCH(INDEX('Risk Estimation Criteria'!$C$16:$G$20,MATCH('Risk Assessment'!K11,'Risk Estimation Criteria'!$C$15:$G$15,0),MATCH('Risk Assessment'!H11,'Risk Estimation Criteria'!$B$16:$B$20,0)),'Risk Estimation Criteria'!$B$26:$B$30,0),MATCH('Risk Assessment'!J11,'Risk Estimation Criteria'!$C$25:$G$25,0)) -> Low | N11: Redesign arm 1 to include counter-balance, or fix arm 1 to the base with more precision. | O11: Can cause systemic innacuracy at the tool tip.
A12: EXAMPLE-09 | B12: Arm 2 | C12: Unintended tilt of tool tip | D12: Unstable integration of arm 2 to arm 1 and motor 2 shaft, unstable fixing of pen to arm 2 | G12: HS-18 Unintended orientation of tool tip | H12: Frequent | J12: =VLOOKUP(G12,Hazardous_scenarios[],3) -> Negligible | K12: =VLOOKUP(G12,Hazardous_scenarios[],4) -> Probable | L12: =ROUNDUP((INDEX('Risk Estimation Criteria'!$J$6:$K$10,MATCH('Risk Assessment'!H12,'Risk Estimation Criteria'!$J$6:$J$10,0),2)*INDEX('Risk Estimation Criteria'!$J$6:$K$10,MATCH('Risk Assessment'!K12,'Risk Estimation Criteria'!$J$6:$J$10,0),2))/5,0)*INDEX(ScoredSeverity,MATCH('Risk Assessment'!J12,'Risk Estimation Criteria'!$A$6:$A$10,0),2) -> 4 | M12: =INDEX('Risk Estimation Criteria'!$C$26:$G$30,MATCH(INDEX('Risk Estimation Criteria'!$C$16:$G$20,MATCH('Risk Assessment'!K12,'Risk Estimation Criteria'!$C$15:$G$15,0),MATCH('Risk Assessment'!H12,'Risk Estimation Criteria'!$B$16:$B$20,0)),'Risk Estimation Criteria'!$B$26:$B$30,0),MATCH('Risk Assessment'!J12,'Risk Estimation Criteria'!$C$25:$G$25,0)) -> Low | N12: Redesign mechanism by which pen is fixed to arm 2. | O12: Can cause systemic innacuracy at the tool tip.

Sheet Risk Estimation Criteria
A1: Risk Estimation & Evaluation Criteria
A4: Table 1: Severity Estimation Levels (Qualitative) | J4: Table 2: Probability Estimation Levels (Semi-Quantitative)
A5: Severity Ranking | B5: Score | C5: Severity Description for injuries or damage to the health of people, or damage to property of the environment | J5: Category | K5: Score | L5: Description
A6: Catastrophic | B6: 5 | C6: Results in death | J6: Frequent | K6: 5 | L6: Occurs twice per day; "Very high probability - Very likely to happen, often, frequent"
A7: Critical | B7: 4 | C7: Results in permanent impairment or life-threatening injury | J7: Probable | K7: 4 | L7: Occurs twice per week; "High probability - likely to happen, often, frequent"
A8: Serious | B8: 3 | C8: Results in injury or impairment requiring professional medical intervention | J8: Occasional | K8: 3 | L8: Occurs monthly; "Medium probability: can happen, but not frequently"
A9: Minor | B9: 2 | C9: Results in temporary injury or impairment not requiring professional medical intervention (including significant IT security failure) | J9: Remote | K9: 2 | L9: Occurs yearly; "Low probability: unlikely to happen, rare, remote"
A10: Negligible | B10: 1 | C10: Inconvenience or temporary discomfort (including minor IT security failure or similar) | J10: Improbable | K10: 1 | L10: Occurs within 10+ years; "Very low probability: very unlikely to happen, very rare, remote"
A13: Table 3: Probability of Occurrence of Harm (POH) Estimation
C14: Probability of the Hazard leading to the Hazardous Situation (P1)
C15: Improbable | D15: Remote | E15: Occasional | F15: Probable | G15: Frequent
A16: Probability of a Hazardous Situation Leading to Harm (P2) | B16: Improbable | C16: Improbable | D16: Improbable | E16: Improbable | F16: Improbable | G16: Improbable
B17: Remote | C17: Improbable | D17: Improbable | E17: Remote | F17: Remote | G17: Remote
B18: Occasional | C18: Improbable | D18: Remote | E18: Remote | F18: Occasional | G18: Occasional
B19: Probable | C19: Improbable | D19: Remote | E19: Occasional | F19: Probable | G19: Probable
B20: Frequent | C20: Improbable | D20: Remote | E20: Occasional | F20: Probable | G20: Frequent
A23: Table 4: Criteria for Risk Acceptability
C24: Severity
C25: Negligible | D25: Minor | E25: Serious | F25: Critical | G25: Catastrophic
A26: Probability of Occurrence of Harm | B26: Frequent | C26: Low | D26: Medium | E26: High | F26: High | G26: High
B27: Probable | C27: Low | D27: Medium | E27: Medium | F27: High | G27: High
B28: Occasional | C28: Low | D28: Low | E28: Medium | F28: Medium | G28: High
B29: Remote | C29: Low | D29: Low | E29: Low | F29: Medium | G29: High
B30: Improbable | C30: Low | D30: Low | E30: Low | F30: Low | G30: Medium

Sheet HAZOP checklist
A1: HAZOP checklist
A2: A list of key words to help assess hazards and prompt ideas for how things could fail
A4: Guide Word | B4: Meaning
A5: NO OR NOT | B5: Complete negation of the design intent
A6: MORE | B6: Quantitative increase
A7: LESS | B7: Quantitative decrease
A8: AS WELL AS | B8: Qualitative modification/increase
A9: PART OF | B9: Qualitative modification/decrease
A10: REVERSE | B10: Logical opposite of the design intent
A11: OTHER THAN / INSTEAD | B11: Complete substitution
A12: EARLY | B12: Relative to the clock time
A13: LATE | B13: Relative to the clock time
A14: BEFORE | B14: Relating to order or sequence
A15: AFTER | B15: Relating to order or sequence

Sheet Hazardous Scenarios
A1: Hazardous Scenarios
A2: Note these are prefixed with an ID number to aid uniqueness
A4: Hazardous Scenario | B4: Description | C4: Severity | D4: Probability (P2)
A5: HS-01 Short delay | B5: Delay of <2mins while system is rectified | C5: Negligible | D5: Frequent
A6: HS-02 Long delay / conversion | B6: Delay of >2mins while system is rectified; or, system unavailable, operator has to complete proceedure with alternative means | C6: Negligible | D6: Probable
A7: HS-03 Small uncontrolled motion at tool tip | B7: Small motion of tool tip (<10mm) not commanded by the user, user not in control | C7: Negligible | D7: Probable
A8: HS-04 Large uncontrolled motion at tool tip | B8: Large motion of tool tip (>10mm) not commanded by the user, user not in control | C8: Negligible | D8: Probable
A9: HS-05 Small unintended motion at tool tip | B9: Small motion of tool tip (<10mm) not in the direction intended by the user, user in control | C9: Negligible | D9: Probable
A10: HS-06 Large unintended motion at tool tip | B10: Large motion of tool tip (>10mm) not in the direction intended by the user, user in control | C10: Negligible | D10: Probable
A11: HS-07 Excessive force | B11: Excessive force applied to patient leading to injury | C11: Serious | D11: Occasional
A12: HS-08 Incorrect feedback to operator | B12: Operator is given incorrect information leading to errors in surgery | C12: Minor | D12: Probable
A13: HS-09 Patient exposed to electrical voltage / current | B13: Patient exposed to electrical energy leading to electric shock | C13: Critical | D13: Probable
A14: HS-10 Operator exposed to electrical voltage / current | B14: Operator exposed to electrical energy leading to electric shock | C14: Critical | D14: Probable
A15: HS-11 Thermal injury to patient | B15: Patient exposed to high temperatures leading to burn internal/external | C15: Serious | D15: Probable
... A22: HS-18 Unintended orientation of tool tip | B22: Tool tip tilt leads to inaccuracy of output | C22: Negligible | D22: Probable
